Id, Name, PhotoUrl
266542050,Steve James,https://randomuser.me/api/portraits/men/39.jpg
16726292,Byron Smith,https://randomuser.me/api/portraits/men/46.jpg
101230692,Mae Ortiz,https://randomuser.me/api/portraits/women/36.jpg
440250441,Aaron West,https://randomuser.me/api/portraits/men/0.jpg
281721648,Fernando Watson,https://randomuser.me/api/portraits/men/49.jpg
754187855,Melinda Mckinney,https://randomuser.me/api/portraits/women/24.jpg
646893917,Sara Kennedy,https://randomuser.me/api/portraits/women/42.jpg
658862597,June Fields,https://randomuser.me/api/portraits/women/25.jpg
407691687,Herminia Hale,https://randomuser.me/api/portraits/women/39.jpg
380528354,Susan Mckinney,https://randomuser.me/api/portraits/women/94.jpg
